UID	file
005220431	005220431.png
005445379	005445379.png
005449749	005449749.png
005450356	005450356.png
005640125	005640125.png
005643647	005643647.png
005645279	005645279.png
103787534	103787534.png
105297873	105297873.png
105645245	105645245.png
204502172	204502172.png
205644467	205644467.png
205645424	205645424.png
305542595	305542595.png
305645249	305645249.png
404731988	404731988.png
405179590	405179590.png
405430899	405430899.png
405642052	405642052.png
405645258	405645258.png
405645296	405645296.png
405649930	405649930.png
504217404	504217404.png
505119082	505119082.png
505640627	505640627.png
604210459	604210459.png
605449001	605449001.png
605473393	605473393.png
605638501	605638501.png
605645295	605645295.png
704024664	704024664.png
704443991	704443991.png
705450367	705450367.png
705645266	705645266.png
805638208	805638208.png
904615627	904615627.png
904795181	904795181.png
905636874	905636874.png
